Time,DOY,Flux,soilT,VSM,VSM_optC,VSM_optT
5/1/2014 10:20,121,44.79,5.2,0.33,1.44,1.69
5/1/2014 14:05,121,55.41,6.2,0.32,1.21,1.44
5/1/2014 17:50,121,71.57,7.9,0.31,1.21,1.21
5/1/2014 21:35,121,81.52,8.4,0.32,1.21,1.44
5/2/2014 1:20,122,65.73,8,0.31,1.21,1.21
5/2/2014 5:05,122,56.57,7.6,0.31,1.21,1.21
5/2/2014 8:50,122,49.86,7.1,0.31,1.21,1.21
5/2/2014 12:35,122,49.45,7.9,0.31,1,1.21
5/2/2014 16:20,122,43.49,8.5,0.3,1,1
5/2/2014 20:05,122,57.15,8.7,0.3,1,1
5/2/2014 23:50,122,49.06,8.1,0.3,1,1
5/3/2014 3:35,123,46.45,7.5,0.3,1,1
5/3/2014 7:20,123,40.66,7.1,0.3,1,1
5/3/2014 11:05,123,45.16,7.5,0.3,1,1
5/3/2014 14:50,123,61.84,9,0.29,0.81,0.81
5/3/2014 18:35,123,63.57,9.6,0.29,0.81,0.81
5/3/2014 22:20,123,60.2,9.2,0.29,0.81,0.81
5/4/2014 2:05,124,51.71,8.7,0.29,0.81,0.81
5/4/2014 5:50,124,40.85,8.3,0.29,0.81,0.81
5/4/2014 9:35,124,30.76,8,0.29,0.81,0.81
5/4/2014 13:20,124,43.53,8.4,0.29,0.81,0.81
5/4/2014 17:05,124,26.88,8.6,0.29,0.81,0.81
5/4/2014 20:50,124,36.28,8.2,0.29,0.81,0.81
5/5/2014 0:35,125,34.16,7.8,0.29,0.81,0.81
5/5/2014 4:20,125,38.55,7.4,0.29,0.81,0.81
5/5/2014 8:15,125,41.1,7.2,0.29,0.81,0.81
5/5/2014 12:00,125,63.16,8,0.29,0.64,0.81
5/5/2014 15:45,125,68.2,9.2,0.28,0.64,0.64
5/5/2014 19:30,125,56.86,9.3,0.28,0.64,0.64
5/5/2014 23:15,125,81.98,8.6,0.28,0.64,0.64
5/6/2014 3:20,126,48.79,7.8,0.28,0.64,0.64
5/6/2014 7:05,126,40.23,7.1,0.28,0.64,0.64
5/6/2014 10:50,126,28.92,7.7,0.28,0.64,0.64
5/6/2014 14:35,126,39.38,9,0.28,0.64,0.64
5/6/2014 18:20,126,36.32,9.3,0.28,0.64,0.64
5/6/2014 22:05,126,53.17,8.6,0.28,0.64,0.64
5/7/2014 1:50,127,50.2,7.8,0.28,0.64,0.64
5/7/2014 5:35,127,38.37,7,0.28,0.64,0.64
5/7/2014 9:20,127,23.4,6.8,0.28,0.64,0.64
5/7/2014 13:05,127,46.49,8.4,0.28,0.64,0.64
5/7/2014 16:50,127,51.84,10.4,0.28,0.49,0.64
5/7/2014 20:35,127,51.56,10,0.28,0.49,0.64
5/8/2014 0:20,128,61.88,9,0.27,0.49,0.49
5/8/2014 4:05,128,53.64,8.2,0.27,0.49,0.49
5/8/2014 7:50,128,46.39,7.6,0.27,0.49,0.49
5/8/2014 11:35,128,42.68,8.4,0.27,0.49,0.49
5/8/2014 15:20,128,58.07,10.6,0.27,0.49,0.49
5/8/2014 19:05,128,67.77,11.3,0.27,0.49,0.49
5/8/2014 22:50,128,69.21,10.5,0.27,0.49,0.49
5/9/2014 2:35,129,51.63,9.9,0.27,0.49,0.49
5/9/2014 6:20,129,60.39,9.7,0.27,0.49,0.49
5/9/2014 10:05,129,54.22,9.5,0.27,0.49,0.49
5/9/2014 13:50,129,52.13,9.5,0.27,0.49,0.49
5/9/2014 17:35,129,56.13,9.6,0.27,0.49,0.49
5/9/2014 21:20,129,53.59,9.6,0.27,0.49,0.49
5/10/2014 1:05,130,43.77,9.6,0.27,0.49,0.49
5/10/2014 4:50,130,55.89,9.8,0.27,0.49,0.49
5/10/2014 8:35,130,68.04,10.3,0.27,0.49,0.49
5/10/2014 12:20,130,81.87,10.8,0.27,0.49,0.49
5/10/2014 16:05,130,87.2,12.6,0.27,0.49,0.49
5/10/2014 19:50,130,81.28,12.9,0.27,0.49,0.49
5/10/2014 23:35,130,94.88,12.3,0.27,0.36,0.49
5/11/2014 3:20,131,67.71,11.7,0.27,0.36,0.49
5/11/2014 7:05,131,64.75,11.1,0.27,0.36,0.49
5/11/2014 10:50,131,47.27,11.5,0.27,0.36,0.49
5/11/2014 14:35,131,65.3,13.4,0.27,0.36,0.49
5/11/2014 18:20,131,61.32,14,0.26,0.36,0.36
5/11/2014 22:05,131,80.1,13,0.26,0.36,0.36
5/12/2014 1:50,132,96.35,12,0.26,0.36,0.36
5/12/2014 5:35,132,75.69,11.1,0.26,0.36,0.36
5/12/2014 9:20,132,51.57,10.9,0.26,0.36,0.36
5/12/2014 13:05,132,72.33,12.7,0.26,0.36,0.36
5/12/2014 16:50,132,72.5,15.1,0.26,0.36,0.36
5/12/2014 20:35,132,96.33,14.7,0.26,0.36,0.36
5/13/2014 0:20,133,109.88,13.8,0.26,0.36,0.36
5/13/2014 4:05,133,58.72,12.8,0.26,0.25,0.36
5/13/2014 7:50,133,52.64,12,0.26,0.25,0.36
5/13/2014 11:35,133,50.41,12.2,0.26,0.25,0.36
5/13/2014 15:20,133,52.92,12.4,0.25,0.25,0.25
5/13/2014 19:05,133,52.48,11.9,0.25,0.25,0.25
5/13/2014 22:50,133,65.24,11.3,0.25,0.25,0.25
5/14/2014 2:35,134,51.13,10.6,0.25,0.25,0.25
5/14/2014 6:20,134,58.64,10.1,0.25,0.25,0.25
5/14/2014 10:05,134,48.04,10.1,0.25,0.25,0.25
5/14/2014 13:50,134,58.41,11.4,0.25,0.25,0.25
5/14/2014 17:35,134,64.35,12.7,0.25,0.25,0.25
5/14/2014 21:20,134,70.03,12.7,0.25,0.25,0.25
5/15/2014 1:05,135,67.78,12.4,0.25,0.25,0.25
5/15/2014 4:50,135,76.43,12.1,0.25,0.25,0.25
5/15/2014 8:35,135,61.57,12,0.25,0.16,0.25
5/15/2014 12:20,135,67.02,12.6,0.25,0.16,0.25
5/15/2014 16:05,135,57.24,13.9,0.25,0.16,0.25
5/15/2014 19:50,135,66.41,14,0.25,0.16,0.25
5/15/2014 23:35,135,101.7,13.7,0.25,0.16,0.25
5/16/2014 3:20,136,95.68,13.5,0.25,0.16,0.25
5/16/2014 7:05,136,79.35,13.3,0.25,0.16,0.25
5/16/2014 11:05,136,91.73,13.3,0.25,0.16,0.25
5/16/2014 14:50,136,82.2,13.5,0.25,0.16,0.25
5/16/2014 18:45,136,135.8,13.7,0.25,0.16,0.25
5/16/2014 22:30,136,105.82,13.6,0.25,0.16,0.25
5/17/2014 2:15,137,92.35,13.6,0.25,0.16,0.25
5/17/2014 6:00,137,194.66,15.2,0.37,2.25,2.89
5/17/2014 9:45,137,182.84,14.3,0.33,1.21,1.69
5/17/2014 13:30,137,159.92,15.1,0.32,1,1.44
5/17/2014 17:15,137,166.12,16,0.31,0.81,1.21
5/17/2014 21:00,137,184.81,15,0.3,0.64,1
5/18/2014 0:45,138,212.6,13.9,0.29,0.64,0.81
5/18/2014 4:30,138,190.55,12.9,0.29,0.64,0.81
5/18/2014 8:15,138,141.71,12.1,0.29,0.49,0.81
5/18/2014 12:00,138,106.14,12.6,0.28,0.49,0.64
5/18/2014 15:45,138,100.77,14.3,0.28,0.49,0.64
5/18/2014 19:30,138,144.74,14,0.28,0.49,0.64
5/18/2014 23:15,138,139.25,13.1,0.28,0.49,0.64
5/19/2014 3:00,139,163.3,12.3,0.28,0.49,0.64
5/19/2014 6:45,139,153.11,11.5,0.28,0.49,0.64
5/19/2014 10:30,139,103.84,11.6,0.28,0.49,0.64
5/19/2014 14:15,139,104.38,12.5,0.27,0.36,0.49
5/19/2014 18:00,139,108.77,12.7,0.27,0.36,0.49
5/19/2014 21:45,139,155.82,12.4,0.27,0.36,0.49
5/20/2014 1:30,140,132.03,11.9,0.27,0.36,0.49
5/20/2014 5:15,140,135.34,11.5,0.27,0.36,0.49
5/20/2014 9:00,140,105.74,11.2,0.27,0.36,0.49
5/20/2014 12:45,140,120.74,12.3,0.27,0.36,0.49
5/20/2014 16:30,140,123.24,14.1,0.27,0.36,0.49
5/20/2014 21:00,140,121.51,13.6,0.26,0.36,0.36
5/21/2014 1:30,141,109.41,12.7,0.26,0.36,0.36
5/21/2014 6:45,141,104.92,11.8,0.26,0.36,0.36
5/21/2014 12:00,141,64.81,12.4,0.26,0.25,0.36
5/21/2014 16:30,141,81.41,14.4,0.26,0.25,0.36
5/21/2014 21:45,141,102.51,14,0.26,0.25,0.36
5/22/2014 3:00,142,115.45,13.1,0.26,0.25,0.36
5/22/2014 7:30,142,98.99,12.4,0.26,0.25,0.36
5/22/2014 12:45,142,114.55,12.6,0.29,1.21,0.81
5/22/2014 18:10,142,177.61,12.5,0.28,0.64,0.64
5/22/2014 22:40,142,188.6,12.3,0.28,0.49,0.64
5/23/2014 3:55,143,202.18,12,0.28,0.49,0.64
5/23/2014 9:20,143,90.54,11.8,0.27,0.36,0.49
5/23/2014 13:30,143,172.68,12,0.27,0.36,0.49
5/23/2014 18:55,143,115.51,12.2,0.27,0.36,0.49
5/24/2014 0:10,144,91.15,11.6,0.27,0.36,0.49
5/24/2014 4:40,144,117.34,11.2,0.27,0.36,0.49
5/24/2014 10:40,144,104.74,11,0.27,0.36,0.49
5/24/2014 15:55,144,121.42,11.7,0.27,0.36,0.49
5/24/2014 21:10,144,163.2,11.9,0.26,0.25,0.36
5/25/2014 1:40,145,122.76,11.3,0.27,0.25,0.49
5/25/2014 7:05,145,78.08,10.9,0.26,0.25,0.36
5/25/2014 12:20,145,96.76,11.8,0.26,0.25,0.36
5/25/2014 16:50,145,106.55,13.3,0.26,0.25,0.36
5/25/2014 22:05,145,105.82,13.2,0.26,0.25,0.36
5/26/2014 3:20,146,118.63,12.6,0.26,0.25,0.36
5/26/2014 8:05,146,110,12.1,0.26,0.25,0.36
5/26/2014 13:20,146,101.57,12.8,0.26,0.25,0.36
5/26/2014 18:35,146,177.31,13.6,0.26,0.16,0.36
5/26/2014 23:05,146,140.03,13.7,0.25,0.16,0.25
5/27/2014 4:20,147,161.97,13.4,0.25,0.16,0.25
5/27/2014 9:35,147,123.98,13.1,0.25,0.16,0.25
5/27/2014 14:05,147,159.41,13.8,0.25,0.16,0.25
5/27/2014 19:20,147,95.69,13.6,0.25,0.16,0.25
5/28/2014 0:35,148,88.21,12.2,0.26,0.16,0.36
5/28/2014 5:05,148,64.51,11.1,0.27,0.64,0.49
5/28/2014 10:30,148,139.8,10.7,0.27,0.49,0.49
5/28/2014 15:45,148,145.72,10.6,0.27,0.36,0.49
5/28/2014 21:10,148,122.36,10.3,0.26,0.36,0.36
5/29/2014 1:40,149,122.17,10,0.26,0.36,0.36
5/29/2014 6:55,149,112.23,9.4,0.26,0.25,0.36
5/29/2014 12:10,149,83.8,9.9,0.26,0.25,0.36
5/29/2014 16:40,149,123.68,11.4,0.26,0.25,0.36
5/29/2014 21:55,149,129.54,11.4,0.26,0.16,0.36
5/30/2014 3:20,150,93.2,10.8,0.26,0.16,0.36
5/30/2014 8:05,150,79.63,10.4,0.25,0.16,0.25
5/30/2014 13:20,150,82.25,11.1,0.25,0.16,0.25
5/30/2014 18:35,150,103.03,11.8,0.25,0.16,0.25
5/30/2014 23:05,150,113.83,11.6,0.25,0.16,0.25
5/31/2014 4:20,151,91.45,11.1,0.25,0.16,0.25
5/31/2014 9:35,151,79.06,10.7,0.25,0.16,0.25
5/31/2014 14:05,151,104.6,11.2,0.25,0.16,0.25
5/31/2014 19:40,151,150.99,11.7,0.25,0.09,0.25
6/1/2014 0:55,152,130.6,11,0.25,0.16,0.25
6/1/2014 6:10,152,102.19,10.4,0.25,0.16,0.25
6/1/2014 10:40,152,129.39,10.7,0.25,0.09,0.25
6/1/2014 15:55,152,135.73,12.3,0.25,0.09,0.25
6/1/2014 21:10,152,170.75,12.6,0.25,0.09,0.25
6/2/2014 1:40,153,142.81,12.1,0.25,0.09,0.25
6/2/2014 6:55,153,165.89,11.6,0.25,0.09,0.25
6/2/2014 12:10,153,122.34,12.1,0.24,0.09,0.16
6/2/2014 16:50,153,113.04,13.6,0.24,0.04,0.16
6/2/2014 22:05,153,113.16,13.8,0.24,0.04,0.16
6/3/2014 3:20,154,103.4,13.3,0.24,0.04,0.16
6/3/2014 7:50,154,102.52,12.8,0.24,0.04,0.16
6/3/2014 13:20,154,125.47,13.8,0.23,0.04,0.09
6/3/2014 19:20,154,113.11,14.9,0.23,0.01,0.09
6/4/2014 0:55,155,242.75,14.3,0.24,0.01,0.16
6/4/2014 7:40,155,192.94,13.8,0.25,0.04,0.25
6/4/2014 15:20,155,147.42,13.9,0.24,0.04,0.16
6/4/2014 20:05,155,176.8,14.3,0.24,0.04,0.16
6/5/2014 1:30,156,301.25,13.9,0.24,0.04,0.16
6/5/2014 6:45,156,307.72,13.7,0.24,0.04,0.16
6/5/2014 12:55,156,197.95,13.6,0.27,0.09,0.49
6/5/2014 19:30,156,238.23,13.5,0.26,0.09,0.36
6/6/2014 1:05,157,119.68,13.1,0.25,0.09,0.25
6/6/2014 6:35,157,109.12,12.7,0.25,0.09,0.25
6/6/2014 12:45,157,229.05,13,0.25,0.09,0.25
6/6/2014 18:10,157,160.15,13.6,0.25,0.04,0.25
6/6/2014 22:05,157,115.48,13.5,0.24,0.04,0.16
6/7/2014 2:15,158,282.2,13,0.24,0.04,0.16
6/7/2014 6:10,158,136.91,12.7,0.24,0.04,0.16
6/7/2014 10:20,158,133.57,12.7,0.24,0.04,0.16
6/7/2014 14:50,158,132.22,14,0.24,0.04,0.16
6/7/2014 18:35,158,152.29,14.5,0.24,0.01,0.16
6/7/2014 22:20,158,140.46,14.5,0.24,0.01,0.16
6/8/2014 2:25,159,153.73,14,0.24,0.01,0.16
6/8/2014 6:10,159,196.76,13.6,0.23,0.01,0.09
6/8/2014 9:55,159,179.74,13.6,0.23,0.01,0.09
6/8/2014 14:35,159,125.13,14.7,0.23,0.01,0.09
6/8/2014 18:45,159,221.84,15.2,0.23,0,0.09
6/8/2014 22:30,159,225.33,15.2,0.23,0,0.09
6/9/2014 2:15,160,206.99,14.9,0.23,0,0.09
6/9/2014 6:00,160,276.3,14.4,0.23,0,0.09
6/9/2014 9:45,160,223.42,14.3,0.23,0,0.09
6/9/2014 13:30,160,237.78,14.4,0.22,0,0.04
6/9/2014 17:50,160,178.79,14.6,0.22,0,0.04
6/9/2014 21:45,160,345.26,14.3,0.24,0,0.16
6/10/2014 1:40,161,222.86,14,0.23,0,0.09
6/10/2014 5:35,161,144.02,13.9,0.23,0,0.09
6/10/2014 16:05,161,163.06,15.1,0.23,0,0.09
6/10/2014 21:35,161,125.34,15.4,0.22,0.01,0.04
6/11/2014 2:50,162,133.58,14.7,0.22,0,0.04
6/11/2014 7:40,162,178.71,14,0.22,0,0.04
6/11/2014 12:10,162,169.7,14,0.22,0.01,0.04
6/11/2014 17:35,162,132.16,13.9,0.22,0.01,0.04
6/11/2014 22:30,162,231.47,13.7,0.22,0.01,0.04
6/12/2014 2:35,163,131.15,13.4,0.22,0.01,0.04
6/12/2014 6:20,163,115.59,13.1,0.22,0.01,0.04
6/12/2014 10:05,163,103.93,13,0.22,0.01,0.04
6/12/2014 14:50,163,112.42,13.1,0.22,0.01,0.04
6/12/2014 21:00,163,197.71,13.5,0.22,0.01,0.04
6/13/2014 1:30,164,159.25,13.6,0.22,0.01,0.04
6/13/2014 6:45,164,189.71,13.5,0.22,0.01,0.04
6/13/2014 12:20,164,123.25,13.5,0.22,0.01,0.04
6/13/2014 19:50,164,139.86,13.8,0.24,0.01,0.16
6/14/2014 1:50,165,147.01,13.5,0.23,0,0.09
6/14/2014 7:05,165,155.45,13.4,0.23,0,0.09
6/14/2014 13:20,165,164.99,13.9,0.23,0,0.09
6/14/2014 21:20,165,137.6,14.1,0.23,0.01,0.09
6/15/2014 3:20,166,124.83,13.2,0.23,0,0.09
6/15/2014 9:10,166,152.1,12.9,0.22,0,0.04
6/15/2014 15:55,166,184.6,14.1,0.22,0.01,0.04
6/15/2014 21:35,166,142.1,14.3,0.22,0.01,0.04
6/16/2014 2:05,167,115.64,13.8,0.22,0.01,0.04
6/16/2014 7:40,167,196.92,13.2,0.22,0.01,0.04
6/16/2014 13:50,167,119.73,14.1,0.21,0.04,0.01
6/16/2014 19:05,167,143.95,14.9,0.21,0.04,0.01
6/17/2014 0:20,168,133.5,14.7,0.21,0.04,0.01
6/17/2014 4:50,168,145.65,14.4,0.21,0.04,0.01
6/17/2014 10:20,168,160.84,14.3,0.21,0.04,0.01
6/17/2014 17:05,168,160.08,16,0.2,0.09,0
6/17/2014 22:20,168,257.59,16.2,0.2,0.09,0
6/18/2014 4:20,169,292.22,16.3,0.26,0.09,0.36
6/18/2014 9:55,169,185.64,16.1,0.24,0.09,0.16
6/18/2014 15:55,169,280.47,16.8,0.23,0.09,0.09
6/18/2014 21:10,169,416.19,16.8,0.22,0.09,0.04
6/19/2014 1:40,170,351.82,16.4,0.22,0.09,0.04
6/19/2014 6:55,170,180.92,15.8,0.22,0.09,0.04
6/19/2014 12:45,170,248.29,16,0.21,0.16,0.01
6/19/2014 19:50,170,137.47,16.4,0.21,0.16,0.01
6/20/2014 1:40,171,222.47,15.6,0.21,0.16,0.01
6/20/2014 7:05,171,117.23,14.6,0.21,0.16,0.01
6/20/2014 12:55,171,163.4,14.7,0.2,0.16,0
6/20/2014 19:50,171,105.51,15,0.2,0.25,0
6/21/2014 1:20,172,124.83,14.4,0.2,0.25,0
6/21/2014 7:20,172,111.31,13.3,0.2,0.25,0
6/21/2014 13:50,172,100.67,13.8,0.19,0.25,0.01
6/21/2014 21:00,172,296.96,14.4,0.19,0.36,0.01
6/22/2014 1:30,173,260.59,13.8,0.19,0.36,0.01
6/22/2014 6:55,173,179.67,13.2,0.19,0.36,0.01
6/22/2014 12:55,173,177.67,13.7,0.19,0.36,0.01
6/22/2014 19:30,173,244.24,14.5,0.18,0.49,0.04
6/23/2014 1:30,174,261.32,14,0.18,0.49,0.04
6/23/2014 6:55,174,212.86,13.4,0.18,0.49,0.04
6/23/2014 12:35,174,136.68,14,0.18,0.49,0.04
6/23/2014 18:55,174,239.05,15.2,0.18,0.49,0.04
6/24/2014 1:05,175,135.79,14.9,0.18,0.49,0.04
6/24/2014 7:05,175,128.25,14.3,0.17,0.49,0.09
6/24/2014 13:50,175,117.29,15.3,0.17,0.64,0.09
6/24/2014 21:35,175,132.96,15.7,0.17,0.64,0.09
6/25/2014 3:00,176,184.38,15.3,0.17,0.64,0.09
6/25/2014 7:30,176,168.02,15,0.17,0.64,0.09
6/25/2014 15:20,176,135.74,16.6,0.16,0.64,0.16
6/25/2014 21:20,176,184.55,17,0.16,0.81,0.16
6/26/2014 3:20,177,200.05,17.2,0.28,0.16,0.64
6/26/2014 7:50,177,137.13,16.9,0.26,0.09,0.36
6/26/2014 13:05,177,216.26,17.2,0.25,0.04,0.25
6/26/2014 19:20,177,280.35,17.6,0.24,0,0.16
6/27/2014 3:00,178,390.1,16.7,0.23,0,0.09
6/27/2014 7:40,178,171.91,15.9,0.23,0,0.09
6/27/2014 15:35,178,200.9,16.5,0.22,0.01,0.04
6/27/2014 21:20,178,191.83,16.6,0.22,0.04,0.04
6/28/2014 3:10,179,240.15,15.7,0.22,0.04,0.04
6/28/2014 9:10,179,175.04,15.2,0.22,0.04,0.04
6/28/2014 15:20,179,185.18,16.4,0.21,0.09,0.01
6/28/2014 20:05,179,252.09,16.8,0.21,0.16,0.01
6/29/2014 1:20,180,217.89,16.2,0.21,0.16,0.01
6/29/2014 6:35,180,177.35,15.7,0.21,0.16,0.01
6/29/2014 12:20,180,150.13,16.1,0.2,0.16,0
6/29/2014 18:45,180,207.99,17.2,0.2,0.25,0
6/30/2014 0:00,181,253.05,17,0.19,0.25,0.01
6/30/2014 4:30,181,283.72,16.5,0.19,0.25,0.01
6/30/2014 9:55,181,253.3,16.1,0.19,0.36,0.01
6/30/2014 17:05,181,151.87,17.5,0.19,0.36,0.01
6/30/2014 22:40,181,269.39,17.6,0.18,0.36,0.04
7/1/2014 3:55,182,283.75,17.2,0.18,0.49,0.04
7/1/2014 9:10,182,212.78,16.8,0.18,0.49,0.04
7/1/2014 16:05,182,158,18.4,0.18,0.49,0.04
7/1/2014 22:05,182,184.29,18.6,0.17,0.49,0.09
7/2/2014 3:20,183,159.11,18.2,0.17,0.64,0.09
7/2/2014 7:50,183,130.35,17.9,0.17,0.64,0.09
7/2/2014 13:50,183,192.59,18.9,0.17,0.64,0.09
7/2/2014 20:05,183,290.99,19.4,0.32,0.64,1.44
7/3/2014 1:20,184,324.48,19,0.29,0.25,0.81
7/3/2014 6:35,184,315.92,18.7,0.27,0.16,0.49
7/3/2014 12:00,184,186.12,18.9,0.26,0.09,0.36
7/3/2014 19:10,184,440.87,19.8,0.25,0.04,0.25
7/4/2014 0:25,185,340.72,19.4,0.3,0.49,1
7/4/2014 5:05,185,243.28,18.8,0.28,0.36,0.64
7/4/2014 10:20,185,251.19,18.5,0.27,0.25,0.49
7/4/2014 16:00,185,237.95,18.1,0.29,0.25,0.81
7/4/2014 21:25,185,262.42,17.5,0.28,0.36,0.64
7/5/2014 3:15,186,225.46,16.7,0.28,0.36,0.64
7/5/2014 7:55,186,206.71,16,0.27,0.25,0.49
7/5/2014 13:20,186,149.38,16.2,0.26,0.16,0.36
7/5/2014 18:35,186,175.77,16.8,0.26,0.09,0.36
7/5/2014 23:05,186,232.58,16.7,0.25,0.09,0.25
7/6/2014 4:20,187,182.52,16.1,0.25,0.09,0.25
7/6/2014 10:00,187,202.37,15.7,0.25,0.04,0.25
7/7/2014 19:55,188,406.68,18.3,0.22,0.01,0.04
7/8/2014 1:10,189,404.57,18.2,0.26,0.04,0.36
7/8/2014 6:35,189,228.35,17.9,0.25,0.04,0.25
7/8/2014 11:05,189,237.23,18.1,0.24,0.04,0.16
7/8/2014 16:35,189,437.57,19,0.24,0.01,0.16
7/8/2014 21:50,189,348.63,19.3,0.23,0,0.09
7/9/2014 3:05,190,287.84,19.1,0.25,0,0.25
7/9/2014 7:35,190,277.93,18.6,0.24,0,0.16
7/9/2014 12:50,190,233.23,18.7,0.24,0,0.16
7/9/2014 18:05,190,390.16,19.3,0.23,0.01,0.09
7/9/2014 22:35,190,304.26,18.9,0.36,1.21,2.56
7/10/2014 3:50,191,339.19,18.3,0.3,0.49,1
7/10/2014 9:05,191,270.08,17.7,0.28,0.36,0.64
7/10/2014 13:35,191,220.8,17.9,0.27,0.25,0.49
7/10/2014 18:50,191,307.9,18.2,0.26,0.09,0.36
7/11/2014 0:05,192,264.06,17.6,0.26,0.09,0.36
7/11/2014 4:35,192,241.93,16.8,0.25,0.09,0.25
7/11/2014 10:20,192,207.75,16.5,0.25,0.04,0.25
7/11/2014 15:50,192,285.39,17.5,0.24,0.01,0.16
7/11/2014 21:15,192,286.72,17.6,0.24,0.01,0.16
7/12/2014 1:55,193,332.53,16.9,0.24,0,0.16
7/12/2014 7:20,193,195.09,16.1,0.24,0,0.16
7/12/2014 13:20,193,190.05,17.1,0.23,0,0.09
7/12/2014 19:00,193,293.19,18.1,0.22,0.01,0.04
7/13/2014 0:15,194,368.09,18,0.22,0.01,0.04
7/13/2014 4:45,194,291.91,17.6,0.22,0.01,0.04
7/13/2014 10:45,194,221.59,17.5,0.22,0.04,0.04
7/13/2014 18:05,194,373.37,18.5,0.21,0.04,0.01
7/13/2014 22:45,194,307.05,18.3,0.22,0.04,0.04
7/14/2014 4:00,195,352.74,18.2,0.22,0.04,0.04
7/14/2014 9:15,195,328.14,18.3,0.22,0.04,0.04
7/14/2014 13:55,195,425.89,19,0.22,0.09,0.04
7/14/2014 19:35,195,342.13,19.4,0.22,0.09,0.04
7/15/2014 0:50,196,368.3,18.9,0.22,0.09,0.04
7/15/2014 6:05,196,379.7,18.9,0.23,0.09,0.09
7/15/2014 10:55,196,452.88,18.9,0.22,0.09,0.04
7/15/2014 16:55,196,506.42,19.6,0.22,0.09,0.04
7/15/2014 22:10,196,544.61,19.6,0.22,0.09,0.04
7/16/2014 3:25,197,561.32,19.4,0.23,0.09,0.09
7/16/2014 8:05,197,218.62,19.1,0.25,0.09,0.25
7/16/2014 14:05,197,265.75,19,0.3,0.25,1
7/16/2014 21:15,197,372.66,19,0.27,0.16,0.49
7/17/2014 1:45,198,287.76,18.2,0.27,0.09,0.49
7/17/2014 7:00,198,294.06,17.4,0.26,0.09,0.36
7/17/2014 12:15,198,256.31,17.3,0.25,0.04,0.25
7/17/2014 16:45,198,196.31,18,0.25,0.01,0.25
7/17/2014 22:00,198,284.97,17.8,0.24,0.01,0.16
7/18/2014 3:15,199,302.36,17,0.24,0.01,0.16
7/18/2014 7:55,199,335.29,16.4,0.24,0.01,0.16
7/18/2014 13:35,199,238.99,17,0.24,0,0.16
7/18/2014 19:00,199,223.55,17.6,0.23,0.01,0.09
7/19/2014 0:15,200,360.67,17.1,0.23,0.01,0.09
7/19/2014 4:45,200,272.69,16.4,0.23,0.01,0.09
7/19/2014 10:20,200,192.51,16.2,0.23,0.01,0.09
7/19/2014 16:00,200,237.78,17,0.22,0.04,0.04
7/19/2014 21:25,200,407.69,17.2,0.22,0.04,0.04
7/20/2014 1:55,201,294.4,16.9,0.22,0.04,0.04
7/20/2014 7:10,201,351.55,16.3,0.22,0.04,0.04
7/20/2014 12:25,201,270.08,16.4,0.22,0.04,0.04
7/20/2014 17:05,201,218.06,17.2,0.21,0.09,0.01
7/20/2014 22:20,201,219.8,17,0.21,0.09,0.01
7/21/2014 3:35,202,192.5,16.4,0.21,0.09,0.01
7/21/2014 8:05,202,175.73,15.8,0.21,0.09,0.01
7/21/2014 13:20,202,157.34,16.6,0.21,0.16,0.01
7/21/2014 19:00,202,267.12,17.5,0.2,0.16,0
7/22/2014 0:35,203,245.35,17.2,0.2,0.16,0
7/22/2014 5:05,203,220.62,16.7,0.2,0.16,0
7/22/2014 10:20,203,190.51,16.8,0.2,0.16,0
7/22/2014 16:10,203,292.63,18.4,0.19,0.25,0.01
7/22/2014 21:25,203,339.59,18.7,0.19,0.25,0.01
7/23/2014 1:55,204,302.49,18.6,0.19,0.25,0.01
7/23/2014 7:10,204,412.02,18.1,0.19,0.36,0.01
7/23/2014 12:25,204,288.85,18.6,0.19,0.36,0.01
7/23/2014 17:05,204,223.44,19.7,0.18,0.36,0.04
7/23/2014 22:55,204,372.28,19.8,0.23,0.09,0.09
7/24/2014 4:10,205,325.28,19.2,0.24,0.09,0.16
7/24/2014 9:50,205,225.72,18.5,0.23,0.16,0.09
7/24/2014 15:15,205,295.76,18.9,0.22,0.16,0.04
7/24/2014 19:45,205,525.6,18.7,0.22,0.25,0.04
7/25/2014 1:00,206,363.33,17.9,0.22,0.25,0.04
7/25/2014 6:15,206,260.24,16.9,0.22,0.25,0.04
7/25/2014 10:45,206,167.08,16.7,0.21,0.25,0.01
7/25/2014 16:10,206,309.64,17.6,0.21,0.36,0.01
7/25/2014 21:25,206,302.71,17.7,0.2,0.36,0
7/26/2014 1:55,207,301.17,17.1,0.2,0.36,0
7/26/2014 7:10,207,325.95,16.7,0.2,0.36,0
7/26/2014 12:35,207,158.89,17.1,0.2,0.36,0
7/26/2014 17:05,207,194.56,17.9,0.19,0.49,0.01
7/26/2014 22:35,207,269.5,17.8,0.19,0.49,0.01
7/27/2014 3:50,208,248.61,17.4,0.19,0.49,0.01
7/27/2014 9:15,208,332.1,17.4,0.19,0.49,0.01
7/27/2014 13:45,208,339.44,17.9,0.26,0.25,0.36
7/27/2014 19:00,208,415.66,18.3,0.24,0.25,0.16
7/28/2014 0:25,209,434.73,18.2,0.23,0.25,0.09
7/28/2014 4:55,209,251.78,17.8,0.23,0.25,0.09
7/28/2014 10:10,209,438.75,17.8,0.26,0.09,0.36
7/28/2014 15:25,209,423.54,18.3,0.24,0.16,0.16
7/28/2014 20:05,209,263.64,18,0.36,0.64,2.56
7/29/2014 1:20,210,221.18,17.7,0.32,0.36,1.44
7/29/2014 6:50,210,216.37,17,0.3,0.25,1
7/29/2014 12:05,210,203.35,16.9,0.29,0.16,0.81
7/29/2014 16:45,210,285.03,17.4,0.28,0.09,0.64
7/29/2014 22:20,210,222.01,17,0.27,0.04,0.49
7/30/2014 3:50,211,276.68,16.3,0.26,0.04,0.36
7/30/2014 9:25,211,293.55,16,0.26,0.04,0.36
7/30/2014 15:15,211,314.83,16.7,0.25,0.01,0.25
7/30/2014 21:25,211,322.4,16.9,0.25,0,0.25
7/31/2014 1:55,212,319.48,16.2,0.24,0,0.16
7/31/2014 7:35,212,179.66,15.6,0.24,0,0.16
7/31/2014 13:00,212,286.26,16.1,0.24,0,0.16
7/31/2014 18:35,212,228.72,17,0.23,0.01,0.09
7/31/2014 23:05,212,200.01,17,0.23,0.01,0.09
8/1/2014 4:35,213,272.01,16.8,0.23,0.01,0.09
8/1/2014 9:50,213,217.77,16.9,0.23,0.01,0.09
8/1/2014 15:50,213,233.37,18,0.22,0.04,0.04
8/1/2014 21:05,213,330.77,18.2,0.22,0.04,0.04
8/2/2014 1:45,214,334.2,17.9,0.22,0.09,0.04
8/2/2014 7:00,214,384.91,17.6,0.22,0.09,0.04
8/2/2014 12:25,214,339.53,17.6,0.21,0.09,0.01
8/2/2014 16:55,214,300.29,17.7,0.21,0.09,0.01
8/2/2014 22:10,214,329.12,17.5,0.21,0.09,0.01
8/3/2014 3:25,215,317.48,16.8,0.21,0.09,0.01
8/3/2014 7:55,215,292.83,16.2,0.21,0.09,0.01
8/3/2014 13:20,215,202.47,16.7,0.21,0.09,0.01
8/3/2014 18:35,215,209.32,17.2,0.2,0.16,0
8/3/2014 23:05,215,200.71,17.1,0.2,0.16,0
8/4/2014 4:20,216,213.62,16.7,0.2,0.16,0
8/4/2014 9:50,216,231.89,16.8,0.2,0.16,0
8/4/2014 15:15,216,339.13,17.7,0.2,0.16,0
8/4/2014 20:05,216,286.71,18.1,0.19,0.25,0.01
8/5/2014 1:20,217,235.27,17.9,0.19,0.25,0.01
8/5/2014 6:35,217,203.89,17.5,0.19,0.25,0.01
8/5/2014 12:05,217,297.57,17.7,0.19,0.25,0.01
8/5/2014 16:45,217,340.73,18.7,0.18,0.36,0.04
8/5/2014 22:00,217,299.65,18.6,0.18,0.36,0.04
8/6/2014 3:15,218,421.32,17.9,0.18,0.36,0.04
8/6/2014 7:55,218,274.84,17.6,0.18,0.36,0.04
8/9/2014 18:25,221,260.41,17.4,0.14,0.81,0.36
8/9/2014 22:55,221,279.39,17.2,0.14,0.81,0.36
8/10/2014 4:10,222,268.57,16.6,0.14,0.81,0.36
8/10/2014 9:35,222,160.65,16.3,0.14,0.81,0.36
8/10/2014 14:05,222,156.69,17.3,0.13,1,0.49
8/10/2014 19:20,222,246.23,17.8,0.13,1,0.49
8/11/2014 0:35,223,181.77,17.1,0.13,1,0.49
8/11/2014 5:05,223,215.04,16.6,0.13,1,0.49
8/11/2014 10:20,223,186.33,16.5,0.12,1,0.64
8/11/2014 15:05,223,307.52,17.7,0.12,1.21,0.64
8/11/2014 19:00,223,353.38,18.2,0.12,1.21,0.64
8/11/2014 22:55,223,265.92,17.9,0.12,1.21,0.64
8/12/2014 3:25,224,204.22,17.5,0.12,1.21,0.64
8/12/2014 8:05,224,175.51,17.2,0.12,1.21,0.64
8/12/2014 13:20,224,167.8,17.7,0.11,1.21,0.81
8/12/2014 18:35,224,185.34,17.9,0.11,1.21,0.81
8/12/2014 23:05,224,151,17.7,0.11,1.21,0.81
8/13/2014 4:20,225,171.37,17.7,0.11,1.21,0.81
8/13/2014 9:35,225,174.22,17.5,0.12,0.64,0.64
8/13/2014 16:10,225,277.92,17.4,0.42,2.56,4.84
8/13/2014 23:05,225,217.23,17.2,0.29,0.49,0.81
8/14/2014 6:25,226,269.94,16.5,0.27,0.25,0.49
8/14/2014 13:10,226,247.68,16.3,0.26,0.09,0.36
8/14/2014 18:50,226,282.41,16.5,0.25,0.04,0.25
8/14/2014 23:50,226,186.78,15.9,0.25,0.04,0.25
8/15/2014 4:55,227,272.02,15.4,0.25,0.04,0.25
8/15/2014 9:50,227,224.72,15,0.25,0.01,0.25
8/15/2014 14:20,227,272.76,15.2,0.24,0.01,0.16
8/15/2014 19:00,227,327.36,15.2,0.24,0.01,0.16
8/16/2014 0:15,228,302.75,15,0.24,0,0.16
8/16/2014 4:45,228,285.28,14.8,0.23,0,0.09
8/16/2014 10:00,228,228.25,14.7,0.23,0,0.09
8/16/2014 16:20,228,197.71,15.6,0.22,0.01,0.04
8/16/2014 22:00,228,254.71,15.7,0.22,0.01,0.04
8/17/2014 3:25,229,268.5,15.5,0.22,0.01,0.04
8/17/2014 7:55,229,243.26,15.3,0.22,0.01,0.04
8/17/2014 14:05,229,212.83,16,0.21,0.04,0.01
8/17/2014 19:55,229,325.39,16.3,0.21,0.04,0.01
8/18/2014 1:20,230,173.3,15.7,0.21,0.04,0.01
8/18/2014 6:35,230,166.02,15,0.21,0.04,0.01
8/18/2014 12:15,230,175.77,15.3,0.2,0.04,0
8/18/2014 16:45,230,196.04,16,0.2,0.09,0
8/18/2014 22:35,230,109.15,15.8,0.2,0.09,0
8/19/2014 4:10,231,229.44,14.9,0.2,0.09,0
8/19/2014 9:25,231,235.28,14.3,0.19,0.16,0.01
8/19/2014 15:15,231,232.9,15.6,0.19,0.16,0.01
8/19/2014 19:45,231,284.41,16,0.18,0.25,0.04
8/20/2014 1:00,232,245.99,15.4,0.18,0.25,0.04
8/20/2014 6:15,232,271.6,14.9,0.18,0.25,0.04
8/20/2014 10:55,232,285.04,15.1,0.18,0.25,0.04
8/20/2014 16:20,232,178.71,16.7,0.18,0.25,0.04
8/20/2014 21:35,232,167.55,16.9,0.17,0.36,0.09
8/21/2014 2:05,233,156.79,16.3,0.17,0.36,0.09
8/21/2014 7:20,233,183.72,15.8,0.17,0.36,0.09
8/21/2014 12:50,233,230.61,15.9,0.17,0.36,0.09
8/21/2014 18:35,233,178.73,16.2,0.17,0.36,0.09
8/22/2014 0:05,234,202.11,16,0.19,0.36,0.01
8/22/2014 4:35,234,233.76,15.7,0.21,0.16,0.01
8/22/2014 10:10,234,269.01,15.5,0.2,0.25,0
8/22/2014 15:35,234,193.83,15.8,0.19,0.25,0.01
8/22/2014 20:05,234,179.25,16,0.19,0.25,0.01
8/23/2014 1:35,235,289.29,15.8,0.19,0.25,0.01
8/23/2014 6:50,235,226.72,15.5,0.19,0.25,0.01
8/23/2014 12:05,235,265.68,15.6,0.18,0.36,0.04
8/23/2014 16:45,235,282.88,16.1,0.18,0.36,0.04
8/23/2014 22:00,235,297.6,16.1,0.18,0.36,0.04
8/24/2014 3:15,236,288.77,15.4,0.18,0.36,0.04
8/24/2014 7:45,236,227.94,14.9,0.18,0.36,0.04
8/24/2014 13:00,236,242.2,15.7,0.17,0.36,0.09
8/24/2014 18:25,236,249.62,16.7,0.17,0.49,0.09
8/24/2014 22:55,236,221.52,16.5,0.17,0.49,0.09
8/25/2014 4:20,237,163.5,16,0.16,0.49,0.16
8/25/2014 9:35,237,147.3,15.9,0.16,0.49,0.16
8/25/2014 14:05,237,195.35,17.2,0.16,0.64,0.16
8/25/2014 19:20,237,202.64,18,0.15,0.64,0.25
8/26/2014 0:35,238,172.57,17.4,0.15,0.64,0.25
8/26/2014 5:05,238,164.92,16.8,0.15,0.64,0.25
8/26/2014 10:20,238,141.73,16.6,0.15,0.64,0.25
8/26/2014 15:35,238,165.87,18.1,0.14,0.81,0.36
8/26/2014 20:05,238,179.38,18.4,0.14,0.81,0.36
8/27/2014 1:35,239,256.05,18,0.14,0.81,0.36
8/27/2014 6:50,239,262.46,17.5,0.14,0.81,0.36
8/27/2014 12:05,239,299,17.7,0.13,0.81,0.49
8/27/2014 16:35,239,342.66,19,0.13,0.81,0.49
8/27/2014 21:50,239,317.67,19.1,0.13,1,0.49
8/28/2014 3:05,240,195.39,18.5,0.12,1,0.64
8/28/2014 7:45,240,246.95,17.8,0.12,1,0.64
8/28/2014 13:00,240,209.55,17.8,0.12,1,0.64
8/28/2014 18:15,240,294.15,17.9,0.11,1,0.81
8/28/2014 22:55,240,204.27,17.2,0.11,1,0.81
8/29/2014 4:10,241,195.15,16.2,0.11,1,0.81
8/29/2014 9:25,241,206.97,15.6,0.11,1,0.81
8/29/2014 14:05,241,146.43,16.3,0.11,1.21,0.81
8/29/2014 19:20,241,135.94,16.8,0.11,1.21,0.81
8/30/2014 0:35,242,149.18,16.2,0.11,1.21,0.81
8/30/2014 6:05,242,157.63,15.5,0.11,1.21,0.81
8/30/2014 10:35,242,264.91,15.5,0.1,1.21,1
8/30/2014 15:50,242,262.54,16.5,0.1,1.21,1
8/30/2014 21:05,242,156.37,16.8,0.1,1.21,1
8/31/2014 1:35,243,181.24,16.7,0.1,1.21,1
8/31/2014 6:50,243,188.75,16.8,0.1,1.21,1
8/31/2014 12:05,243,258.28,17.2,0.1,1.21,1
8/31/2014 16:35,243,316.24,18,0.1,1.21,1
8/31/2014 21:50,243,312.71,18.3,0.1,1.21,1
9/1/2014 3:15,244,392.95,18.3,0.1,1.21,1
9/1/2014 7:45,244,394.25,18.2,0.1,1.21,1
9/1/2014 13:00,244,286.43,18.8,0.09,1.21,1.21
9/1/2014 18:25,244,317.97,19.6,0.09,1.44,1.21
9/1/2014 22:55,244,348.96,19.3,0.09,1.44,1.21
9/2/2014 4:10,245,311.58,19,0.09,1.44,1.21
9/2/2014 9:25,245,345.73,19,0.09,1.44,1.21
9/2/2014 13:55,245,285.71,19.8,0.09,1.44,1.21
9/2/2014 19:10,245,433.86,20.3,0.1,1.44,1
9/3/2014 0:25,246,357.26,19.9,0.11,1.44,0.81
9/3/2014 4:55,246,319.04,19.6,0.17,1,0.09
9/3/2014 10:10,246,263.55,18.6,0.16,1,0.16
9/3/2014 15:35,246,203.14,19,0.15,1,0.25
9/3/2014 22:10,246,299.48,18.5,0.14,1,0.36
9/4/2014 4:35,247,212.87,17.3,0.14,1,0.36
9/4/2014 11:05,247,207.41,16.9,0.13,1.21,0.49
9/4/2014 18:25,247,277.08,18.5,0.12,1.21,0.64
9/5/2014 1:10,248,251.15,18,0.12,1.21,0.64
9/5/2014 7:35,248,190.08,17.4,0.12,1.21,0.64
9/5/2014 14:05,248,286.02,18.5,0.11,1.21,0.81
9/5/2014 21:20,248,225.68,19.5,0.11,1.21,0.81
9/6/2014 3:55,249,299.63,19.3,0.11,1.44,0.81
9/6/2014 10:20,249,295.44,19.4,0.11,1.44,0.81
9/6/2014 16:50,249,160.12,20.6,0.1,1.44,1
9/8/2014 19:40,251,349.86,16.6,0.16,0.36,0.16
9/9/2014 2:05,252,188.79,15.7,0.16,0.36,0.16
9/9/2014 9:10,252,225.08,14.8,0.15,0.36,0.25
9/9/2014 13:50,252,140.59,15.3,0.15,0.49,0.25
9/9/2014 19:20,252,258.19,15.7,0.14,0.49,0.36
9/10/2014 0:35,253,211.6,15.2,0.14,0.49,0.36
9/10/2014 6:00,253,301.63,14.9,0.14,0.49,0.36
9/10/2014 10:30,253,233.47,14.9,0.14,0.64,0.36
9/10/2014 15:45,253,284.42,15.4,0.14,0.64,0.36
9/10/2014 21:00,253,294.48,15.5,0.13,0.64,0.49
9/11/2014 1:30,254,326.74,15.2,0.13,0.64,0.49
9/11/2014 6:55,254,209.99,15.3,0.13,0.64,0.49
9/11/2014 12:10,254,231.45,15.6,0.13,0.64,0.49
9/11/2014 16:40,254,292.54,16.2,0.13,0.64,0.49
9/11/2014 21:55,254,271.16,16.6,0.13,0.64,0.49
9/12/2014 3:10,255,235.47,15.7,0.13,0.64,0.49
9/12/2014 7:40,255,182.2,15,0.13,0.81,0.49
9/12/2014 12:55,255,228.1,14.8,0.13,0.81,0.49
9/12/2014 18:10,255,236.07,15.2,0.12,0.81,0.64
9/12/2014 22:40,255,199.7,14.7,0.12,0.81,0.64
9/13/2014 3:55,256,182.94,13.7,0.12,0.81,0.64
9/13/2014 9:10,256,164.05,13.1,0.12,0.81,0.64
9/13/2014 13:40,256,189.31,13.4,0.11,1,0.81
9/13/2014 19:05,256,139.43,13.6,0.23,0.49,0.09
9/14/2014 0:20,257,164.01,13.6,0.21,0.49,0.01
9/14/2014 4:50,257,128.38,13.1,0.19,0.49,0.01
9/14/2014 10:20,257,139.55,12.5,0.18,0.49,0.04
9/14/2014 15:35,257,180.01,12.9,0.17,0.64,0.09
9/14/2014 20:05,257,160.95,13.1,0.17,0.64,0.09
9/15/2014 1:20,258,142.47,12.5,0.16,0.64,0.16
9/15/2014 6:35,258,150.16,11.8,0.16,0.64,0.16
9/15/2014 11:05,258,141.36,11.7,0.16,0.64,0.16
9/15/2014 16:40,258,163.29,12.5,0.15,0.81,0.25
9/15/2014 21:55,258,172.23,12.4,0.15,0.81,0.25
9/16/2014 3:10,259,186.22,11.9,0.15,0.81,0.25
9/16/2014 7:40,259,211.46,11.7,0.15,0.81,0.25
9/16/2014 12:55,259,137.65,12,0.14,0.81,0.36
9/16/2014 18:10,259,251.29,12.9,0.14,0.81,0.36
9/16/2014 22:40,259,177.32,12.9,0.14,0.81,0.36
9/17/2014 3:55,260,168.81,12.3,0.14,0.81,0.36
9/17/2014 9:10,260,173.4,11.7,0.14,0.81,0.36
9/17/2014 13:40,260,157.53,12.4,0.13,0.81,0.49
9/17/2014 18:55,260,236.56,13.1,0.13,1,0.49
9/18/2014 0:10,261,188.96,12.5,0.13,1,0.49
9/18/2014 4:40,261,176.79,11.8,0.13,1,0.49
9/18/2014 9:55,261,126.92,11.5,0.13,1,0.49
9/19/2014 22:05,262,91.56,11.2,0.11,1.21,0.81
9/20/2014 3:20,263,91.48,10.3,0.11,1.21,0.81
9/20/2014 7:50,263,85.91,10.1,0.11,1.21,0.81
9/20/2014 13:05,263,93.81,11,0.11,1.21,0.81
9/20/2014 18:20,263,107.36,12.4,0.11,1.21,0.81
9/20/2014 22:50,263,97.15,12.7,0.11,1.21,0.81
9/21/2014 4:05,264,117.11,13,0.1,1.21,1
9/21/2014 9:20,264,163.59,13.6,0.15,1.21,0.25
9/21/2014 13:50,264,150.46,14.5,0.16,1.21,0.16
9/21/2014 19:05,264,214.16,15.6,0.15,1.21,0.25
9/21/2014 23:35,264,194.17,15.6,0.15,1.21,0.25
9/22/2014 3:20,265,224.85,15.6,0.15,1.21,0.25
9/22/2014 7:05,265,167.9,15,0.15,1.21,0.25
9/22/2014 10:50,265,113.81,14.6,0.14,1.21,0.36
9/22/2014 14:35,265,95.18,14.6,0.14,1.21,0.36
9/22/2014 18:20,265,136.34,14.3,0.13,1.21,0.49
9/22/2014 22:05,265,126.11,13.5,0.13,1.21,0.49
9/23/2014 1:50,266,115.42,12.5,0.13,1.21,0.49
9/23/2014 5:35,266,113.74,11.8,0.13,1.21,0.49
9/23/2014 9:20,266,104.49,11.5,0.13,1.21,0.49
9/23/2014 13:05,266,77.56,11.8,0.12,1.21,0.64
9/23/2014 16:50,266,104.98,12.6,0.12,1.21,0.64
9/23/2014 20:35,266,118.72,12.9,0.11,1.21,0.81
9/24/2014 0:20,267,115.48,12.6,0.11,1.21,0.81
9/24/2014 4:05,267,122.78,12.2,0.11,1.21,0.81
9/24/2014 7:50,267,110.5,11.9,0.11,1.21,0.81
9/24/2014 11:50,267,147.63,12.2,0.11,1.44,0.81
9/24/2014 15:35,267,169.45,12.9,0.11,1.44,0.81
9/24/2014 19:30,267,251.86,13.2,0.1,1.44,1
9/24/2014 23:25,267,146.01,12.8,0.1,1.44,1
9/25/2014 3:10,268,165.49,12.6,0.1,1.44,1
9/25/2014 6:55,268,152.46,12.3,0.1,1.44,1
9/25/2014 10:50,268,99.28,12.3,0.1,1.44,1
9/25/2014 15:20,268,106.79,12.6,0.1,1.44,1
9/25/2014 19:50,268,131.52,12.7,0.1,1.44,1
9/26/2014 1:05,269,114.27,12.3,0.1,1.44,1
9/26/2014 6:20,269,109.57,12.1,0.1,1.44,1
9/26/2014 10:50,269,86.39,12.4,0.1,1.44,1
9/26/2014 16:05,269,105,13.7,0.09,1.44,1.21
9/26/2014 21:20,269,107.64,14.1,0.09,1.44,1.21
9/27/2014 1:50,270,107.79,13.8,0.09,1.44,1.21
9/27/2014 7:05,270,104.59,13.5,0.09,1.44,1.21
9/27/2014 12:20,270,106.19,14,0.09,1.44,1.21
9/27/2014 16:50,270,128.54,15.2,0.08,1.44,1.44
9/27/2014 22:05,270,124.9,15.3,0.08,1.44,1.44
9/28/2014 3:20,271,156.97,14.8,0.08,1.44,1.44
9/28/2014 7:50,271,123.43,14.5,0.08,1.44,1.44
9/28/2014 13:05,271,91.85,15.2,0.08,1.44,1.44
9/28/2014 18:20,271,144.87,16.4,0.08,1.44,1.44
9/28/2014 22:50,271,158.04,16.2,0.08,1.69,1.44
9/29/2014 4:05,272,133.5,15.4,0.08,1.69,1.44
9/29/2014 9:20,272,120.15,14.9,0.08,1.69,1.44
9/29/2014 13:50,272,135.19,15.4,0.07,1.69,1.69
9/29/2014 19:05,272,151.83,15.9,0.07,1.69,1.69
9/30/2014 0:20,273,133.61,15.2,0.07,1.69,1.69
9/30/2014 4:50,273,103.51,14.5,0.07,1.69,1.69
9/30/2014 10:05,273,104.59,14,0.07,1.69,1.69
9/30/2014 15:55,273,132.94,14,0.07,1.69,1.69
9/30/2014 21:20,273,104.08,14,0.07,1.69,1.69
10/1/2014 1:50,274,127.69,13.8,0.07,1.69,1.69
10/1/2014 7:20,274,132.86,13.6,0.07,1.69,1.69
10/1/2014 12:45,274,191.02,13.5,0.07,1.44,1.69
10/1/2014 18:00,274,188.98,13.5,0.08,1.21,1.44
10/1/2014 22:30,274,204.07,13.4,0.08,1.21,1.44
10/2/2014 3:45,275,156.24,13.1,0.17,0.16,0.09
10/2/2014 9:20,275,127.22,12.9,0.2,0.09,0
10/2/2014 15:00,275,178.59,13,0.19,0.16,0.01
10/2/2014 19:30,275,230.08,13.2,0.18,0.25,0.04
10/3/2014 0:45,276,183.49,12.7,0.17,0.25,0.09
10/3/2014 6:00,276,162.63,12.1,0.17,0.25,0.09
10/3/2014 10:30,276,129.93,11.9,0.17,0.36,0.09
10/3/2014 15:45,276,200.42,12.6,0.16,0.36,0.16
10/3/2014 21:00,276,187.13,12.8,0.15,0.49,0.25
10/4/2014 1:30,277,202.39,12.5,0.15,0.49,0.25
10/4/2014 7:05,277,119.53,12.2,0.15,0.49,0.25
10/4/2014 12:20,277,97.29,12.2,0.15,0.49,0.25
10/4/2014 16:50,277,89.65,12.5,0.31,0,1.21
10/4/2014 22:05,277,117.17,13.1,0.26,0.16,0.36
10/5/2014 3:20,278,117.73,12.7,0.23,0.04,0.09
10/5/2014 7:50,278,108.42,12,0.22,0.01,0.04
10/5/2014 13:20,278,109.19,11.6,0.21,0,0.01
10/5/2014 18:35,278,123.64,11.7,0.2,0.01,0
10/5/2014 23:05,278,109.33,11.1,0.19,0.04,0.01
10/6/2014 4:20,279,95.71,10.3,0.19,0.04,0.01
10/6/2014 9:35,279,96.76,9.6,0.19,0.04,0.01
10/6/2014 14:05,279,134.6,10.3,0.18,0.09,0.04
10/6/2014 19:20,279,158.19,11.2,0.18,0.09,0.04
10/7/2014 0:35,280,111.74,11.2,0.18,0.09,0.04
10/7/2014 6:00,280,149.58,11.2,0.18,0.16,0.04
10/7/2014 10:30,280,181.26,11.7,0.17,0.16,0.09
10/7/2014 15:45,280,205.53,12.6,0.17,0.16,0.09
10/7/2014 21:00,280,194.33,13,0.17,0.16,0.09
10/8/2014 1:30,281,195.53,13,0.16,0.16,0.16
10/8/2014 12:20,281,102.77,13.3,0.21,0.04,0.01
10/8/2014 16:50,281,102.33,13.6,0.2,0.09,0
10/8/2014 22:05,281,150.19,13.1,0.19,0.09,0.01
10/9/2014 3:20,282,101.11,12.3,0.19,0.09,0.01
10/9/2014 7:50,282,95.55,11.6,0.18,0.09,0.04
10/9/2014 13:20,282,109.59,11.4,0.18,0.16,0.04
10/9/2014 18:35,282,117.08,11.8,0.17,0.16,0.09
10/9/2014 23:05,282,109.18,11.4,0.17,0.16,0.09
10/10/2014 4:20,283,99.13,11,0.17,0.16,0.09
10/10/2014 9:35,283,86.81,10.4,0.16,0.25,0.16
10/10/2014 14:05,283,83.61,10.7,0.16,0.25,0.16
10/10/2014 19:20,283,93.55,11,0.16,0.25,0.16
10/11/2014 0:35,284,98.17,10.4,0.16,0.25,0.16
10/11/2014 5:05,284,95.65,10,0.15,0.25,0.25
10/11/2014 10:20,284,75.5,9.8,0.16,0.25,0.16
10/11/2014 15:35,284,76.23,9.8,0.21,0.25,0.01
10/11/2014 20:05,284,100.7,10,0.2,0.25,0
10/12/2014 1:20,285,86.24,9.7,0.19,0.25,0.01
10/12/2014 6:35,285,80.43,9.3,0.19,0.25,0.01
10/12/2014 11:05,285,91,9.2,0.18,0.25,0.04
10/12/2014 16:20,285,124.44,9.9,0.18,0.25,0.04
10/12/2014 21:35,285,88.53,10,0.17,0.36,0.09
10/13/2014 2:05,286,87.41,9.5,0.17,0.36,0.09
10/13/2014 7:30,286,146.05,9,0.17,0.36,0.09
10/13/2014 12:45,286,125.39,9.1,0.17,0.36,0.09
10/13/2014 18:00,286,148.12,9.9,0.16,0.36,0.16
10/13/2014 22:30,286,156.41,10.3,0.16,0.36,0.16
10/14/2014 3:45,287,189.67,10.8,0.16,0.36,0.16
10/14/2014 9:00,287,166.09,11.2,0.16,0.36,0.16
10/14/2014 13:30,287,171.91,12,0.16,0.36,0.16
10/14/2014 18:45,287,205.44,13.1,0.16,0.36,0.16
10/15/2014 0:00,287,200.18,13.2,0.16,0.36,0.16
10/15/2014 4:30,288,198.2,13.3,0.16,0.36,0.16
10/15/2014 9:45,288,179.9,13.7,0.15,0.36,0.25
10/15/2014 15:00,288,249.94,14.5,0.15,0.36,0.25
10/15/2014 19:30,288,248.54,14.9,0.15,0.36,0.25
10/16/2014 0:45,289,258.35,15,0.15,0.36,0.25
10/16/2014 6:00,289,248.8,15.2,0.18,0.36,0.04
10/16/2014 10:30,289,260.37,16.2,0.3,0.04,1
10/16/2014 15:45,289,240.7,16.9,0.31,0.49,1.21
10/16/2014 21:00,289,207.19,16.4,0.28,0.16,0.64
10/17/2014 1:30,290,178.91,15.8,0.26,0.09,0.36
10/17/2014 6:45,290,194.73,15.3,0.25,0.04,0.25
10/17/2014 12:00,290,102.37,14.9,0.24,0.04,0.16
10/17/2014 18:20,290,131.61,15.1,0.23,0.01,0.09
10/18/2014 0:45,291,143.6,14.4,0.23,0,0.09
10/18/2014 6:55,291,121.85,14,0.23,0,0.09
10/18/2014 13:50,291,132.21,14,0.23,0,0.09
10/18/2014 19:40,291,109.17,13.9,0.22,0,0.04
10/19/2014 1:20,292,106.71,13.2,0.22,0.01,0.04
10/19/2014 6:35,292,76.86,12.6,0.22,0.01,0.04
10/19/2014 11:05,292,93.17,11.9,0.22,0.01,0.04
10/19/2014 16:50,292,79.58,11.5,0.21,0.01,0.01
10/19/2014 22:05,292,73.22,10.9,0.21,0.01,0.01
10/20/2014 3:20,293,76.05,10,0.21,0.01,0.01
10/20/2014 7:50,293,67.3,9.3,0.21,0.01,0.01
10/20/2014 13:20,293,48.82,9.3,0.21,0.01,0.01
10/20/2014 18:55,293,121.76,9.9,0.21,0.04,0.01
10/21/2014 0:10,294,87.29,9.9,0.21,0.04,0.01
10/21/2014 4:40,294,122.91,9.8,0.21,0.04,0.01
10/21/2014 9:20,294,63.69,9.8,0.21,0.04,0.01
10/21/2014 13:50,294,73.43,10.4,0.2,0.04,0
10/21/2014 21:00,294,35.28,11.1,0.2,0.04,0
10/22/2014 2:05,295,65.69,11,0.2,0.04,0
10/22/2014 7:50,295,79.26,10.8,0.2,0.04,0
10/22/2014 15:10,295,60.69,10.7,0.2,0.04,0
10/22/2014 20:35,295,55.62,10.5,0.22,0.04,0.04
10/23/2014 1:30,296,45.5,10,0.29,0.09,0.81
10/23/2014 6:20,296,43.96,9.4,0.37,1,2.89
10/23/2014 12:00,296,20.38,8.9,0.35,1.21,2.25
10/23/2014 18:45,296,49.7,9.4,0.3,0.49,1
10/24/2014 0:00,296,28.97,9.6,0.28,0.36,0.64
10/24/2014 5:50,297,30.55,9.6,0.28,0.25,0.64
10/24/2014 10:30,297,46.69,9.4,0.27,0.25,0.49
10/24/2014 16:30,297,85.28,9.6,0.26,0.16,0.36
10/24/2014 21:45,297,69.44,9.5,0.26,0.09,0.36
10/25/2014 3:00,298,85.89,9.3,0.25,0.09,0.25
10/25/2014 7:30,298,106.47,9,0.25,0.04,0.25
10/25/2014 12:45,298,81.47,9.3,0.24,0.04,0.16
10/25/2014 18:00,298,131.21,10.1,0.24,0.04,0.16
10/25/2014 22:40,298,114.16,10,0.24,0.04,0.16
10/26/2014 3:55,299,133.92,10,0.24,0.01,0.16
10/26/2014 9:20,299,100.99,9.7,0.23,0.01,0.09
10/26/2014 14:05,299,64.25,9.9,0.23,0.01,0.09
10/26/2014 19:20,299,71.33,9.9,0.23,0.01,0.09
10/27/2014 0:35,300,67.58,9.6,0.23,0.01,0.09
10/27/2014 6:00,300,92.86,9.4,0.23,0,0.09
10/27/2014 10:30,300,60.81,9.3,0.23,0,0.09
10/27/2014 15:55,300,102.47,9.9,0.22,0,0.04
10/27/2014 21:10,300,137.21,9.9,0.22,0,0.04
10/28/2014 1:40,301,132.2,9.4,0.22,0,0.04
10/28/2014 7:05,301,95.38,9,0.22,0,0.04
10/28/2014 12:20,301,83.61,9.3,0.22,0,0.04
10/28/2014 16:50,301,115.88,10.4,0.22,0,0.04
10/28/2014 22:05,301,99.6,10.5,0.22,0,0.04
10/29/2014 3:20,302,87.82,10.4,0.22,0,0.04
10/29/2014 8:05,302,78.66,10.5,0.22,0,0.04
10/29/2014 13:20,302,103.43,11,0.22,0.01,0.04
10/29/2014 18:45,302,141.55,11.3,0.22,0.01,0.04
10/30/2014 0:10,303,109.11,10.8,0.23,0.01,0.09
10/30/2014 4:50,303,74.86,10.1,0.22,0.01,0.04
10/30/2014 10:30,303,99.83,9.5,0.22,0.01,0.04
10/30/2014 16:05,303,87.37,10,0.22,0.01,0.04
10/30/2014 21:20,303,77.13,9.7,0.22,0.01,0.04
10/31/2014 2:05,304,39.97,9.3,0.22,0.01,0.04
10/31/2014 7:50,304,102.64,8.8,0.22,0.01,0.04
10/31/2014 13:05,304,95.7,9,0.22,0.01,0.04
10/31/2014 18:35,304,78.03,9.3,0.22,0.01,0.04
10/31/2014 23:05,304,65.23,9.2,0.22,0.01,0.04
11/1/2014 4:20,305,73.21,9,0.22,0.01,0.04
11/1/2014 9:35,305,51.62,8.6,0.22,0.01,0.04
11/1/2014 14:05,305,77.25,8.6,0.22,0.01,0.04
11/1/2014 19:20,305,91.36,8.3,0.24,0,0.16
11/2/2014 0:35,306,62.98,8,0.23,0,0.09
11/2/2014 5:05,306,70.06,7.8,0.23,0,0.09
11/2/2014 10:30,306,49.96,7.4,0.23,0,0.09
11/2/2014 15:45,306,46.37,7.3,0.23,0,0.09
11/2/2014 21:00,306,51.92,7,0.22,0,0.04
11/3/2014 3:00,307,61.04,6.5,0.22,0,0.04
11/3/2014 9:00,307,61.46,6.1,0.22,0,0.04
11/3/2014 13:50,307,41.59,6.2,0.22,0,0.04
11/3/2014 19:20,307,49.2,6.7,0.22,0,0.04
11/4/2014 0:35,308,58.8,6.6,0.22,0,0.04
11/4/2014 5:05,308,56.74,6.4,0.22,0,0.04
11/4/2014 10:20,308,30.59,6.6,0.22,0,0.04
11/4/2014 15:35,308,72.62,7.7,0.22,0,0.04
11/4/2014 20:05,308,42.31,8.1,0.22,0,0.04
11/5/2014 1:20,309,48.12,8,0.22,0,0.04
11/5/2014 6:35,309,60.82,8,0.22,0,0.04
11/5/2014 11:05,309,62.45,8.3,0.22,0.01,0.04
11/5/2014 16:30,309,91.51,9.1,0.21,0.01,0.01
11/5/2014 21:45,309,91.15,8.8,0.21,0.01,0.01
11/6/2014 3:00,310,83.85,8.2,0.21,0.01,0.01
11/6/2014 7:30,310,102.15,8,0.21,0.01,0.01
11/6/2014 12:55,310,80.8,8.1,0.21,0.01,0.01
11/6/2014 18:10,310,105.6,8.2,0.22,0.01,0.04
11/6/2014 22:50,310,79.29,8.1,0.24,0,0.16
11/7/2014 4:20,311,66.19,8,0.24,0,0.16
11/7/2014 9:35,311,53.45,7.9,0.23,0.01,0.09
11/7/2014 14:05,311,55.6,7.9,0.23,0.01,0.09
11/7/2014 19:30,311,61.25,7.7,0.23,0,0.09
11/8/2014 0:45,312,52.99,7.2,0.23,0,0.09
11/8/2014 6:00,312,68.49,6.8,0.23,0,0.09
11/8/2014 10:30,312,51.21,6.4,0.22,0,0.04
11/8/2014 15:45,312,17.39,6.6,0.22,0,0.04
11/8/2014 21:10,312,62.67,6.6,0.22,0,0.04
11/9/2014 1:40,313,55.88,6.4,0.22,0,0.04
11/9/2014 7:05,313,55.8,6.5,0.22,0,0.04
11/9/2014 12:45,313,74.4,6.9,0.22,0,0.04
11/9/2014 18:00,313,78.1,7.5,0.22,0,0.04
11/9/2014 22:30,313,77.98,7.1,0.22,0,0.04
11/10/2014 3:45,314,82.53,6.6,0.22,0,0.04
11/10/2014 9:00,314,60.37,6.3,0.22,0,0.04
11/10/2014 13:30,314,61.52,6.7,0.22,0,0.04
11/10/2014 18:45,314,72.92,7.4,0.22,0,0.04
11/11/2014 0:10,315,70.53,6.9,0.22,0,0.04
11/11/2014 4:40,315,61.79,6.7,0.22,0,0.04
11/11/2014 10:05,315,60.19,6.7,0.22,0,0.04
11/11/2014 15:20,315,101.31,7.8,0.21,0,0.01
11/11/2014 19:50,315,68.08,8.2,0.21,0.01,0.01
11/12/2014 1:05,316,75.71,8.1,0.21,0.01,0.01
11/12/2014 6:20,316,98.89,8.4,0.21,0.01,0.01
11/12/2014 10:50,316,82.88,8.6,0.21,0.01,0.01
11/12/2014 16:05,316,80.88,9.3,0.21,0.01,0.01
11/12/2014 21:20,316,65.51,8.9,0.21,0.01,0.01
11/13/2014 1:50,317,58.95,8.2,0.21,0.01,0.01
11/13/2014 7:20,317,34.99,7.3,0.21,0.01,0.01
11/13/2014 12:35,317,27,7,0.21,0.01,0.01
11/13/2014 17:05,317,63.27,7.4,0.21,0.01,0.01
11/13/2014 22:20,317,57.17,7.3,0.21,0.01,0.01
11/14/2014 3:45,318,71.19,7,0.21,0.01,0.01
11/14/2014 9:20,318,47.27,6.7,0.21,0.01,0.01
11/14/2014 14:05,318,51.25,6.6,0.21,0.01,0.01
11/14/2014 19:30,318,71.17,6.4,0.21,0.01,0.01
11/15/2014 1:40,319,76.51,6,0.21,0.01,0.01
11/15/2014 7:30,319,58.36,5.5,0.21,0.01,0.01
11/15/2014 13:30,319,47.76,5.2,0.21,0.01,0.01
11/15/2014 19:05,319,34.42,5.2,0.21,0.01,0.01
11/16/2014 0:35,320,54.05,5,0.21,0.01,0.01
11/16/2014 6:00,320,66.39,4.6,0.21,0.01,0.01
11/16/2014 12:35,320,29,4.5,0.21,0.01,0.01
11/16/2014 18:10,320,59.46,4.8,0.21,0.01,0.01
11/16/2014 22:40,320,45.93,4.9,0.21,0.01,0.01
11/17/2014 4:05,321,53.28,5,0.21,0.01,0.01
11/17/2014 9:20,321,44.62,4.5,0.31,0.04,1.21
